{"real": {"dsd": {"bottom": 14.221251411794343, "handle": 25.47798485475927, "top": 18.622709341320704}, "kpam": {"bottom": 58.40033853796206, "handle": 92.337941871448, "top": 64.10916346078241}}, "large-run": {"ControlNetFromDepthRenderer_ccs=1.5": {"bottom": 11.232535412727302, "handle": 17.712302037829605, "top": 17.172829543568486}}, "large-run-2-stage": {"2stage:crop=Cropped:ControlNetFromDepthRenderer_ccs=1.5,margin=15,only_change_mask=False,inp=SD2InpaintingRenderer_strength=1,dilation=3": {"bottom": 11.834747458692123, "handle": 16.455846693167906, "top": 15.011768514151251}}, "model-comparison-1-stage": {"ControlNetFromDepthRenderer_ccs=1.5": {"bottom": 11.630357658735798, "handle": 17.452999272380435, "top": 19.639319729550454}, "ControlNetTXTFromDepthRenderer_ccs=1.5": {"bottom": 12.22955061277885, "handle": 20.257179243708844, "top": 18.319286884362164}, "SD2FromDepthRenderer": {"bottom": 12.809029602071144, "handle": 18.8688605073508, "top": 18.169095509417115}, "SD2InpaintingRenderer": {"bottom": 56.36544493933165, "handle": 151.21163282214954, "top": 102.35920976616734}, "SD15RealisticCheckpointControlNetFromDepthRenderer_ccs=1.5": {"bottom": 14.056095576371163, "handle": 17.81596952019213, "top": 19.461915279622605}, "SD15RealisticCheckpointControlNetTXTFromDepthRenderer_ccs=1.5": {"bottom": 12.460810866220141, "handle": 16.56806444909649, "top": 17.023381859382276}, "SDXLControlNetTXTFromDepthRenderer_ccs=1.5": {"bottom": 11.609890433392914, "handle": 21.982961088737135, "top": 18.205245421874565}}, "ccs-comparison": {"ControlNetFromDepthRenderer_ccs=0.5": {"bottom": 16.49232465898439, "handle": 26.137345218997833, "top": 32.826129927329745}, "ControlNetFromDepthRenderer_ccs=1.0": {"bottom": 14.296914146039834, "handle": 20.134169982845673, "top": 17.70226529017886}, "ControlNetFromDepthRenderer_ccs=1.3": {"bottom": 12.714348539763074, "handle": 18.468991579534322, "top": 18.49522647908574}, "ControlNetFromDepthRenderer_ccs=1.5": {"bottom": 11.630357658735798, "handle": 17.452999272380435, "top": 19.639319729550454}, "ControlNetFromDepthRenderer_ccs=2.0": {"bottom": 16.21514983109308, "handle": 25.630496235504694, "top": 23.521494911658806}, "ControlNetFromDepthRenderer_ccs=2.5": {"bottom": 14.621013254033288, "handle": 21.053531512246863, "top": 25.218045546490952}, "ControlNetFromDepthRenderer_ccs=3.0": {"bottom": 13.24217059688636, "handle": 17.975957594464756, "top": 21.906787655955956}}, "stage-2-comparison": {"2stage:crop=Cropped:ControlNetFromDepthRenderer_ccs=1.5,_margin=10,_only_change_mask=True,_inp=SD2InpaintingRenderer,_dilation=0": {"bottom": 14.692324117833609, "handle": 26.40908970654647, "top": 28.9379997240691}, "2stage:crop=Cropped:ControlNetFromDepthRenderer_ccs=1.5,_margin=10,_only_change_mask=True,_inp=SD2InpaintingRenderer,_dilation=1": {"bottom": 14.649307761328076, "handle": 26.5791740044156, "top": 23.191505795696028}, "2stage:crop=Cropped:ControlNetFromDepthRenderer_ccs=1.5,_margin=10,_only_change_mask=True,_inp=SD2InpaintingRenderer,_dilation=2": {"bottom": 16.208041616181887, "handle": 24.461888559348218, "top": 23.37880254470581}, "2stage:crop=Cropped:ControlNetFromDepthRenderer_ccs=1.5,_margin=10,_only_change_mask=True,_inp=SD2InpaintingRenderer,_dilation=5": {"bottom": 21.70257890988075, "handle": 35.55298954354486, "top": 28.19576386073306}, "2stage:crop=Cropped:ControlNetFromDepthRenderer_ccs=1.5,_margin=10,_only_change_mask=True,_inp=SD15InpaintingRenderer,_dilation=1": {"bottom": 15.574442579652915, "handle": 30.160374310517227, "top": 27.60163466192225}, "2stage:crop=Cropped:ControlNetFromDepthRenderer_ccs=1.5,_margin=15,_only_change_mask=False,_inp=SD2InpaintingRenderer,_dilation=3": {"bottom": 11.657440904620703, "handle": 15.281842107874644, "top": 16.143963418397192}}}